Title,Price,Date
"6L Humidifiers for Bedroom Large Room Home, CHIVALZ Cool Mist Top Fill Humidifier for Baby Nursery and Plants, 26dB Quiet, Nightlight, 50H Runtime, Oil Diffuser, 360° Nozzle Anti-dry Burn White",55.99,2024-10-16 10:44:33.799146
"6L Humidifiers for Bedroom Large Room Home, CHIVALZ Cool Mist Top Fill Humidifier for Baby Nursery and Plants, 26dB Quiet, Nightlight, 50H Runtime, Oil Diffuser, 360° Nozzle Anti-dry Burn White",55.99,2024-10-16 10:44:36.115279
"6L Humidifiers for Bedroom Large Room Home, CHIVALZ Cool Mist Top Fill Humidifier for Baby Nursery and Plants, 26dB Quiet, Nightlight, 50H Runtime, Oil Diffuser, 360° Nozzle Anti-dry Burn White",55.99,2024-10-16 11:44:39.061671
"6L Humidifiers for Bedroom Large Room Home, CHIVALZ Cool Mist Top Fill Humidifier for Baby Nursery and Plants, 26dB Quiet, Nightlight, 50H Runtime, Oil Diffuser, 360° Nozzle Anti-dry Burn White",55.99,2024-10-16 12:44:41.644082
"6L Humidifiers for Bedroom Large Room Home, CHIVALZ Cool Mist Top Fill Humidifier for Baby Nursery and Plants, 26dB Quiet, Nightlight, 50H Runtime, Oil Diffuser, 360° Nozzle Anti-dry Burn White",55.99,2024-10-16 13:44:44.388486
"6L Humidifiers for Bedroom Large Room Home, CHIVALZ Cool Mist Top Fill Humidifier for Baby Nursery and Plants, 26dB Quiet, Nightlight, 50H Runtime, Oil Diffuser, 360° Nozzle Anti-dry Burn White",55.99,2024-10-16 15:00:06.335475
"6L Humidifiers for Bedroom Large Room Home, CHIVALZ Cool Mist Top Fill Humidifier for Baby Nursery and Plants, 26dB Quiet, Nightlight, 50H Runtime, Oil Diffuser, 360° Nozzle Anti-dry Burn White",55.99,2024-10-16 16:28:35.522361
"6L Humidifiers for Bedroom Large Room Home, CHIVALZ Cool Mist Top Fill Humidifier for Baby Nursery and Plants, 26dB Quiet, Nightlight, 50H Runtime, Oil Diffuser, 360° Nozzle Anti-dry Burn White",55.99,2024-10-16 18:15:33.404980
"6L Humidifiers for Bedroom Large Room Home, CHIVALZ Cool Mist Top Fill Humidifier for Baby Nursery and Plants, 26dB Quiet, Nightlight, 50H Runtime, Oil Diffuser, 360° Nozzle Anti-dry Burn White",55.99,2024-10-17 04:24:08.984650
"6L Humidifiers for Bedroom Large Room Home, CHIVALZ Cool Mist Top Fill Humidifier for Baby Nursery and Plants, 26dB Quiet, Nightlight, 50H Runtime, Oil Diffuser, 360° Nozzle Anti-dry Burn White",55.99,2024-10-17 10:29:35.671278
"6L Humidifiers for Bedroom Large Room Home, CHIVALZ Cool Mist Top Fill Humidifier for Baby Nursery and Plants, 26dB Quiet, Nightlight, 50H Runtime, Oil Diffuser, 360° Nozzle Anti-dry Burn White",69.99,2024-10-17 11:29:38.367771
"6L Humidifiers for Bedroom Large Room Home, CHIVALZ Cool Mist Top Fill Humidifier for Baby Nursery and Plants, 26dB Quiet, Nightlight, 50H Runtime, Oil Diffuser, 360° Nozzle Anti-dry Burn White",69.99,2024-10-18 10:22:53.588166
"6L Humidifiers for Bedroom Large Room Home, CHIVALZ Cool Mist Top Fill Humidifier for Baby Nursery and Plants, 26dB Quiet, Nightlight, 50H Runtime, Oil Diffuser, 360° Nozzle Anti-dry Burn White",69.99,2024-10-18 11:22:56.596530
"6L Humidifiers for Bedroom Large Room Home, CHIVALZ Cool Mist Top Fill Humidifier for Baby Nursery and Plants, 26dB Quiet, Nightlight, 50H Runtime, Oil Diffuser, 360° Nozzle Anti-dry Burn White",69.99,2024-10-18 12:28:16.980269
"6L Humidifiers for Bedroom Large Room Home, CHIVALZ Cool Mist Top Fill Humidifier for Baby Nursery and Plants, 26dB Quiet, Nightlight, 50H Runtime, Oil Diffuser, 360° Nozzle Anti-dry Burn White",69.99,2024-10-18 13:28:19.634152
"6L Humidifiers for Bedroom Large Room Home, CHIVALZ Cool Mist Top Fill Humidifier for Baby Nursery and Plants, 26dB Quiet, Nightlight, 50H Runtime, Oil Diffuser, 360° Nozzle Anti-dry Burn White",69.99,2024-10-18 14:28:22.519313
